Domain	Gene	cDNA Pos	cDNA	Protein	VarType	Consequence	ChangeType	Paper
ECTODOMAIN	NCSTN	210	c.210_211delAG	p.T70fsX18	Indel	LOF	Frameshift	"Liu Y, Gao M, Lv YM et al. (2011) Confirmation by exome sequencing of the pathogenic role of NCSTN mutations in acne inversa (hidradenitis suppurativa). J Invest Dermatol 131:1570–2"
ECTODOMAIN	NCSTN	223	c.223G>A	p.V75I	Substitution	MISSENSE	MISSENSE	"Zhang C, Wang L, Chen L et al. (2012) Two novel mutations of the NCSTN gene in Chinese familial acne inverse. J Eur Acad Dermatol Venereol; e-pub ahead of print 13 July 2012"
ECTODOMAIN	NCSTN	344	c.344_351delCCAGCCGA	p.Thr115Asn*20	Indel	LOF	Frameshift	"Duchatelet S, Miskinyte S, Join-Lambert O, Ungeheuer M-N, Frances C, Nassif A, Hovnanian A. (2015) First Nicastrin mutation in PASH syndrome."
ECTODOMAIN	NCSTN	349	c.349C>T	p.R117X	Substitution	LOF	PTC	"Wang B, Yang W, Wen W et al. (2010) Gamma-secretase gene mutations in familial acne inversa. Science 330:1065"
ECTODOMAIN	NCSTN	349	c.349C>T	p.R117X	Substitution	LOF	PTC	"Chen S, Mattei P, You J, Sobreira NL, Hinds GA. (2015) g-secretase mutations in an african american family with hidradenitis suppurativa."
ECTODOMAIN	NCSTN	487	c.487delC	p.Q163SfsX39	Indel	LOF	Frameshift	"Miskinyte S, Nassif A, Merabtene F et al. (2012) Nicastrin mutations in French families with hidradenitis suppurativa. J Invest Dermatol 132:1728–30"
ECTODOMAIN	NCSTN	553	c.553G>A	p.D185N	Substitution	MISSENSE	MISSENSE	"Pink AE, Simpson MA, Desai N et al. (2012) Mutations in the gamma-secretase genes NCSTN, PSENEN, and PSEN1 Underlie rare forms of  hidradenitis suppurativa (acne inversa). J Invest Dermatol"
ECTODOMAIN	NCSTN	582	c.582+1delG		Indel	SPLICE	SPLICE	"Nomura Y, Nomura T, Sakai K et al. (2012) A novel splice site mutation in NCSTN underlies a Japanese family with hidradenitis suppurativa. Br J Dermatol; e-pub ahead of print 27 July 2012"
ECTODOMAIN	NCSTN	632	c.632C>G	p.P211R	Substitution	MISSENSE	MISSENSE	"Li CR, Jiang MJ, Shen DB et al. (2011) Two novel mutations of the nicastrin gene in Chinese patients with acne inversa. Br J Dermatol 165:415–8"
ECTODOMAIN	NCSTN	647	c.647A>C	p.Q216P	Substitution	MISSENSE	MISSENSE	"Zhang C, Wang L, Chen L et al. (2012) Two novel mutations of the NCSTN gene in Chinese familial acne inverse. J Eur Acad Dermatol Venereol; e-pub ahead of print 13 July 2012"
ECTODOMAIN	NCSTN	996	c.996+7G>A		Substitution	PUT.SPLICE	PUT.SPLICE	"Pink AE, Simpson MA, Desai N et al. (2012) Mutations in the gamma-secretase genes NCSTN, PSENEN, and PSEN1 Underlie rare forms of  hidradenitis suppurativa (acne inversa). J Invest Dermatol"
ECTODOMAIN	NCSTN	1101	c.1101+10A>G		Substitution	PUT.SPLICE	PUT.SPLICE	"Pink AE, Simpson MA, Desai N et al. (2012) Mutations in the gamma-secretase genes NCSTN, PSENEN, and PSEN1 Underlie rare forms of  hidradenitis suppurativa (acne inversa). J Invest Dermatol"
ECTODOMAIN	NCSTN	1101	c.1101+1G>A		Substitution	SPLICE	SPLICE	"Pink AE, Simpson MA, Brice GW et al. (2011) PSENEN and NCSTN mutations in familial hidradenitis suppurativa (acne inversa). J Invest Dermatol 131:1568–70"
ECTODOMAIN	NCSTN	1258	c.1258C>T	p.Q420X	Substitution	LOF	PTC	"Jiao, T., Dong, H., Jin, L., Wang, S. and Wang, J. (2013), A novel nicastrin mutation in a large Chinese family with hidradenitis suppurativa. British Journal of Dermatology, 168: 1141–1143"
ECTODOMAIN	NCSTN	1258	c.1258C>T	p.Q420X	Substitution	LOF	PTC	"Yang J-q, Wu X-j, Dou T-t, Jiao T, Chen X-b, Min M, Cai S-q, Zheng M. (2015) Haploinsufficiency caused by a nonsense mutation in NCSTN underlying hidradenitis suppurativa in a Chinese family. Clinical and Experimental Dermatology."
ECTODOMAIN	NCSTN	1300	c.1300C>T	p.R434X	Substitution	LOF	PTC	"Miskinyte S, Nassif A, Merabtene F et al. (2012) Nicastrin mutations in French families with hidradenitis suppurativa. J Invest Dermatol 132:1728–30"
ECTODOMAIN	NCSTN	1352	c.1352+1G>A		Substitution	SPLICE	SPLICE	"Liu Y, Gao M, Lv YM et al. (2011) Confirmation by exome sequencing of the pathogenic role of NCSTN mutations in acne inversa (hidradenitis suppurativa). J Invest Dermatol 131:1570–2"
ECTODOMAIN	NCSTN	1551	c.1551+1G>A		Substitution	SPLICE	SPLICE	"Wang B, Yang W, Wen W et al. (2010) Gamma-secretase gene mutations in familial acne inversa. Science 330:1065"
ECTODOMAIN	NCSTN	1695	c.1695T>G	p.Y565X	Substitution	LOF	PTC	"Li CR, Jiang MJ, Shen DB et al. (2011) Two novel mutations of the nicastrin gene in Chinese patients with acne inversa. Br J Dermatol 165:415–8"
ECTODOMAIN	NCSTN	1702	c.1702C>T	p.Q568X	Substitution	LOF	PTC	"Nomura Y, Nomura T, Suzuki S, Takeda M, Mizuno O, Ohguchi Y, Abe R, Murata Y, ShimizuH. (2014) A novel NCSTN mutation alone may be insufficient for the development of familial hidradenitis suppurativa. J Derm Sci. "
ECTODOMAIN	NCSTN	1752	c.1752delG	p.E584DfsX44	Indel	LOF	Frameshift	"Wang B, Yang W, Wen W et al. (2010) Gamma-secretase gene mutations in familial acne inversa. Science 330:1065"
ECTODOMAIN	NCSTN	1768	c.1768A>G	p.S590AfsX3	Substitution	SPLICE	SPLICE	"Miskinyte S, Nassif A, Merabtene F et al. (2012) Nicastrin mutations in French families with hidradenitis suppurativa. J Invest Dermatol 132:1728–30"
	PSENEN	66	c.66delG	p.F23LfsX46	Indel	LOF	Frameshift	"Wang B, Yang W, Wen W et al. (2010) Gamma-secretase gene mutations in familial acne inversa. Science 330:1065"
	PSENEN	66	c.66_67insG	p.F23VfsX98	Indel	LOF	Frameshift	"Pink AE, Simpson MA, Brice GW et al. (2011) PSENEN and NCSTN mutations in familial hidradenitis suppurativa (acne inversa). J Invest Dermatol 131:1568–70"
	PSENEN	279	c.279delC	p.F94SfsX51	Indel	LOF	Frameshift	"Wang B, Yang W, Wen W et al. (2010) Gamma-secretase gene mutations in familial acne inversa. Science 330:1065"
	PSEN1	725	c.725delC	p.P242LfsX11	Indel	LOF	Frameshift	"Wang B, Yang W, Wen W et al. (2010) Gamma-secretase gene mutations in familial acne inversa. Science 330:1065"
